model,model_order,condition_index,condition_group,condition,transform,n,threshold,accuracy,precision,recall,specificity,npv,f1,macro_f1,balanced_accuracy,mcc,predicted_positive_rate,false_positive_rate,false_negative_rate,auroc,average_precision,brier,ece_15,tpr_at_fpr_1pct,tpr_at_fpr_5pct,tn,fp,fn,tp
B0,0,0,clean,Clean,clean,2000,0.99804688,0.712,0.73451327,0.664,0.76,0.69343066,0.69747899,0.71133492,0.712,0.4259674,0.452,0.24,0.336,0.79104,0.74783446,0.47233356,0.4837417,0.068,0.068,760,240,336,664
B0,0,1,single_stage,JPEG Q90,jpeg__quality=90,2000,0.99804688,0.7145,0.73754153,0.666,0.763,0.69553327,0.69994745,0.71382685,0.7145,0.43103259,0.4515,0.237,0.334,0.7914705,0.74963333,0.47239884,0.48376733,0.066,0.066,763,237,334,666
B0,0,2,single_stage,JPEG Q70,jpeg__quality=70,2000,0.99804688,0.6905,0.72385429,0.616,0.765,0.66579634,0.66558617,0.68877261,0.6905,0.38530104,0.4255,0.235,0.384,0.7735135,0.72634684,0.47387802,0.48450635,0.0,0.06,765,235,384,616
B0,0,3,single_stage,JPEG Q50,jpeg__quality=50,2000,0.99804688,0.675,0.70883055,0.594,0.756,0.65060241,0.64635473,0.67285359,0.675,0.35468512,0.419,0.244,0.406,0.765508,0.71885678,0.47517872,0.4852002,0.058,0.058,756,244,406,594
B0,0,4,single_stage,JPEG Q30,jpeg__quality=30,2000,0.99804688,0.669,0.71125,0.569,0.769,0.64083333,0.63222222,0.66565657,0.669,0.34496981,0.4,0.231,0.431,0.751785,0.69882365,0.47648904,0.48586938,0.0,0.053,769,231,431,569
B0,0,5,single_stage,Gaussian blur sigma=0.5,gaussian_blur__sigma=0.5,2000,0.99804688,0.69,0.72619048,0.61,0.77,0.6637931,0.66304348,0.68800322,0.69,0.38495943,0.42,0.23,0.39,0.7789985,0.7338554,0.47182452,0.48327319,0.057,0.057,770,230,390,610
B0,0,6,single_stage,Gaussian blur sigma=1.0,gaussian_blur__sigma=1.0,2000,0.99804688,0.656,0.68795181,0.571,0.741,0.63333333,0.62404372,0.65349651,0.656,0.31660853,0.415,0.259,0.429,0.729741,0.68036673,0.47919399,0.48730884,0.0,0.04,741,259,429,571
B0,0,7,single_stage,Gaussian blur sigma=2.0,gaussian_blur__sigma=2.0,2000,0.99804688,0.5955,0.61117579,0.525,0.666,0.58369851,0.5648198,0.59347949,0.5955,0.19292742,0.4295,0.334,0.475,0.647521,0.5978036,0.4888888,0.49239331,0.0,0.031,666,334,475,525
B0,0,8,single_stage,Resize 0.5 bicubic,resize__interpolation=bicubic_scale=0.5,2000,0.99804688,0.6655,0.6940211,0.592,0.739,0.64428945,0.63896384,0.66368313,0.6655,0.33463531,0.4265,0.261,0.408,0.7375905,0.6877214,0.47978246,0.48774146,0.0,0.047,739,261,408,592
B0,0,9,single_stage,Resize 0.25 bilinear,resize__interpolation=bilinear_scale=0.25,2000,0.99804688,0.581,0.59665871,0.5,0.662,0.5697074,0.54406964,0.57823279,0.581,0.16416854,0.419,0.338,0.5,0.6322795,0.58341682,0.49028354,0.49307373,0.0,0.024,662,338,500,500
B0,0,10,single_stage,Gaussian noise sigma=0.02,gaussian_noise__sigma=0.02,2000,0.99804688,0.699,0.71820175,0.655,0.743,0.68290441,0.68514644,0.69841613,0.699,0.39955006,0.456,0.257,0.345,0.775938,0.73002365,0.47490589,0.485229,0.0,0.072,743,257,345,655
B0,0,11,single_stage,Gaussian noise sigma=0.05,gaussian_noise__sigma=0.05,2000,0.99804688,0.6775,0.69147789,0.641,0.714,0.66542404,0.66528282,0.67706978,0.6775,0.35594969,0.4635,0.286,0.359,0.7424515,0.68905954,0.48035597,0.48828394,0.0,0.053,714,286,359,641
B0,0,12,single_stage,Gaussian noise sigma=0.10,gaussian_noise__sigma=0.1,2000,0.99804688,0.51,0.50778816,0.652,0.368,0.51396648,0.5709282,0.49991631,0.51,0.02085888,0.642,0.632,0.348,0.5024675,0.49892406,0.49748706,0.49748389,0.0,0.0,368,632,348,652
B0,0,13,single_stage,Color jitter 0.8/0.8/0.8,color_jitter__brightness=0.8_contrast=0.8_saturation=0.8,2000,0.99804688,0.696,0.75789474,0.576,0.816,0.65806452,0.65454545,0.69155844,0.696,0.40380197,0.38,0.184,0.424,0.786441,0.74367561,0.47201694,0.48302002,0.048,0.048,816,184,424,576
B0,0,14,single_stage,Color jitter 1.2/1.2/1.2,color_jitter__brightness=1.2_contrast=1.2_saturation=1.2,2000,0.99804688,0.709,0.70652174,0.715,0.703,0.71153846,0.71073559,0.70898952,0.709,0.4180301,0.506,0.297,0.285,0.781872,0.7360044,0.4714696,0.48333252,0.0,0.095,703,297,285,715
B0,0,15,single_stage,Center crop ratio=0.8,center_crop__ratio=0.8,2000,0.99804688,0.682,0.71311475,0.609,0.755,0.65881326,0.65695793,0.6802963,0.682,0.36794266,0.427,0.245,0.391,0.76102,0.71087351,0.46629753,0.47969019,0.0,0.055,755,245,391,609
B0,0,16,two_stage,2-stage resize 0.5 + JPEG Q70,resize__interpolation=bicubic_scale=0.5__jpeg__quality=70,2000,0.99804688,0.66,0.70512821,0.55,0.77,0.63114754,0.61797753,0.65583561,0.66,0.32803695,0.39,0.23,0.45,0.7399745,0.69328317,0.47904886,0.48716333,0.0,0.044,770,230,450,550
B0,0,17,two_stage,2-stage crop 0.8 + JPEG Q50,center_crop__ratio=0.8__jpeg__quality=50,2000,0.99804688,0.6675,0.71283355,0.561,0.774,0.63808739,0.62786794,0.66368544,0.6675,0.34286807,0.3935,0.226,0.439,0.7509215,0.70014781,0.468142,0.48069531,0.0,0.053,774,226,439,561
B0,0,18,four_stage,4-stage A platform repost,center_crop__ratio=0.85__resize__interpolation=bicubic_scale=0.5__gaussian_blur__sigma=1.0__jpeg__quality=50,2000,0.99804688,0.6195,0.66482759,0.482,0.757,0.59372549,0.55884058,0.61216754,0.6195,0.24858436,0.3625,0.243,0.518,0.695613,0.64539255,0.47784138,0.48610303,0.0,0.029,757,243,518,482
B0,0,19,four_stage,4-stage B edit repost,color_jitter__brightness=1.15_contrast=1.15_saturation=0.85__resize__interpolation=bilinear_scale=0.5__gaussian_noise__sigma=0.05__jpeg__quality=50,2000,0.99804688,0.6245,0.65054414,0.538,0.711,0.60613811,0.58894362,0.62166923,0.6245,0.25281194,0.4135,0.289,0.462,0.699761,0.64547793,0.48276327,0.48927197,0.0,0.04,711,289,462,538
B0,0,20,six_stage,6-stage random composition,strict_random_six__profile=full_training_range_v1,2000,0.99804688,0.599,0.61073826,0.546,0.652,0.58951175,0.57655755,0.59787042,0.599,0.19912183,0.447,0.348,0.454,0.651417,0.59775793,0.48348266,0.48950708,0.0,0.037,652,348,454,546
B1,1,0,clean,Clean,clean,2000,0.99707031,0.704,0.68345324,0.76,0.648,0.72972973,0.71969697,0.70306882,0.704,0.41058331,0.556,0.352,0.24,0.7594545,0.70729977,0.47975524,0.48781421,0.0,0.056,648,352,240,760
B1,1,1,single_stage,JPEG Q90,jpeg__quality=90,2000,0.99707031,0.703,0.683213,0.757,0.649,0.72757848,0.71821632,0.70213142,0.703,0.40838871,0.554,0.351,0.243,0.759617,0.70782078,0.47986307,0.4878689,0.0,0.058,649,351,243,757
B1,1,2,single_stage,JPEG Q70,jpeg__quality=70,2000,0.99707031,0.682,0.67333333,0.707,0.657,0.69157895,0.6897561,0.68180113,0.682,0.36445585,0.525,0.343,0.293,0.7411545,0.68768735,0.48227193,0.48904102,0.0,0.048,657,343,293,707
B1,1,3,single_stage,JPEG Q50,jpeg__quality=50,2000,0.99707031,0.68,0.67110266,0.706,0.654,0.68987342,0.68810916,0.67978353,0.68,0.36048771,0.526,0.346,0.294,0.737894,0.68368465,0.48310977,0.48950732,0.0,0.045,654,346,294,706
B1,1,4,single_stage,JPEG Q30,jpeg__quality=30,2000,0.99707031,0.6695,0.66189112,0.693,0.646,0.67785939,0.67708842,0.66931738,0.6695,0.33937505,0.5235,0.354,0.307,0.7218465,0.66748704,0.48447712,0.49021924,0.0,0.037,646,354,307,693
B1,1,5,single_stage,Gaussian blur sigma=0.5,gaussian_blur__sigma=0.5,2000,0.99707031,0.693,0.67837338,0.734,0.652,0.71023965,0.70509126,0.69248306,0.693,0.38730431,0.541,0.348,0.266,0.7485645,0.69473988,0.4800603,0.48787231,0.0,0.051,652,348,266,734
B1,1,6,single_stage,Gaussian blur sigma=1.0,gaussian_blur__sigma=1.0,2000,0.99707031,0.6565,0.64188577,0.708,0.605,0.67447046,0.67332382,0.65558653,0.6565,0.31467364,0.5515,0.395,0.292,0.7119795,0.65777823,0.48441762,0.49029224,0.0,0.05,605,395,292,708
B1,1,7,single_stage,Gaussian blur sigma=2.0,gaussian_blur__sigma=2.0,2000,0.99707031,0.611,0.59503425,0.695,0.527,0.63341346,0.64114391,0.60823571,0.611,0.22520078,0.584,0.473,0.305,0.651429,0.60301232,0.49048365,0.49355786,0.0,0.029,527,473,305,695
B1,1,8,single_stage,Resize 0.5 bicubic,resize__interpolation=bicubic_scale=0.5,2000,0.99707031,0.6645,0.65022831,0.712,0.617,0.68176796,0.6797136,0.66374132,0.6645,0.33049474,0.5475,0.383,0.288,0.7170245,0.66523729,0.48478873,0.49053174,0.0,0.049,617,383,288,712
B1,1,9,single_stage,Resize 0.25 bilinear,resize__interpolation=bilinear_scale=0.25,2000,0.99707031,0.586,0.57692308,0.645,0.527,0.59750567,0.60906516,0.58455383,0.586,0.17321012,0.559,0.473,0.355,0.618818,0.57492502,0.49101981,0.49364648,0.0,0.02,527,473,355,645
B1,1,10,single_stage,Gaussian noise sigma=0.02,gaussian_noise__sigma=0.02,2000,0.99707031,0.6725,0.66475645,0.696,0.649,0.68100735,0.68001954,0.67231904,0.6725,0.34538168,0.5235,0.351,0.304,0.7285085,0.6772616,0.4831051,0.48947144,0.0,0.049,649,351,304,696
B1,1,11,single_stage,Gaussian noise sigma=0.05,gaussian_noise__sigma=0.05,2000,0.99707031,0.6235,0.61488372,0.661,0.586,0.63351351,0.63710843,0.6229698,0.6235,0.24769763,0.5375,0.414,0.339,0.6601055,0.61666534,0.49088969,0.49351831,0.0,0.036,586,414,339,661
B1,1,12,single_stage,Gaussian noise sigma=0.10,gaussian_noise__sigma=0.1,2000,0.99707031,0.5305,0.52473642,0.647,0.414,0.53976532,0.57948948,0.52404015,0.5305,0.06272644,0.6165,0.586,0.353,0.544644,0.53198651,0.495914,0.49619434,0.0,0.032,414,586,353,647
B1,1,13,single_stage,Color jitter 0.8/0.8/0.8,color_jitter__brightness=0.8_contrast=0.8_saturation=0.8,2000,0.99707031,0.6845,0.69648562,0.654,0.715,0.67389255,0.67457452,0.68420623,0.6845,0.36968845,0.4695,0.285,0.346,0.745008,0.6953563,0.47813017,0.48643384,0.0,0.041,715,285,346,654
B1,1,14,single_stage,Color jitter 1.2/1.2/1.2,color_jitter__brightness=1.2_contrast=1.2_saturation=1.2,2000,0.99707031,0.704,0.67028381,0.803,0.605,0.75436409,0.73066424,0.70107019,0.704,0.41624073,0.599,0.395,0.197,0.7544745,0.69865863,0.48016081,0.48816943,0.0,0.064,605,395,197,803
B1,1,15,single_stage,Center crop ratio=0.8,center_crop__ratio=0.8,2000,0.99707031,0.689,0.67532468,0.728,0.65,0.70498915,0.70067372,0.68852625,0.689,0.37915515,0.539,0.35,0.272,0.7344635,0.68340365,0.48328863,0.48942407,0.0,0.047,650,350,272,728
B1,1,16,two_stage,2-stage resize 0.5 + JPEG Q70,resize__interpolation=bicubic_scale=0.5__jpeg__quality=70,2000,0.99707031,0.6495,0.64143803,0.678,0.621,0.65853659,0.65921245,0.64921507,0.6495,0.29948691,0.5285,0.379,0.322,0.7089925,0.65723091,0.48504276,0.49049146,0.0,0.042,621,379,322,678
B1,1,17,two_stage,2-stage crop 0.8 + JPEG Q50,center_crop__ratio=0.8__jpeg__quality=50,2000,0.99707031,0.6775,0.66920877,0.702,0.653,0.68664564,0.6852123,0.6773063,0.6775,0.35542695,0.5245,0.347,0.298,0.727279,0.67298156,0.4836227,0.48952344,0.0,0.033,653,347,298,702
B1,1,18,four_stage,4-stage A platform repost,center_crop__ratio=0.85__resize__interpolation=bicubic_scale=0.5__gaussian_blur__sigma=1.0__jpeg__quality=50,2000,0.99707031,0.6395,0.63298379,0.664,0.615,0.6466877,0.64812103,0.63928348,0.6395,0.27933554,0.5245,0.385,0.336,0.6774375,0.62400456,0.4874973,0.49164673,0.0,0.032,615,385,336,664
B1,1,19,four_stage,4-stage B edit repost,color_jitter__brightness=1.15_contrast=1.15_saturation=0.85__resize__interpolation=bilinear_scale=0.5__gaussian_noise__sigma=0.05__jpeg__quality=50,2000,0.99707031,0.576,0.56551724,0.656,0.496,0.59047619,0.60740741,0.57326892,0.576,0.15398377,0.58,0.504,0.344,0.6109835,0.57582609,0.49250436,0.49444751,0.0,0.034,496,504,344,656
B1,1,20,six_stage,6-stage random composition,strict_random_six__profile=full_training_range_v1,2000,0.99707031,0.5505,0.54069299,0.671,0.43,0.56653491,0.5988398,0.54387698,0.5505,0.10406737,0.6205,0.57,0.329,0.5584045,0.53619963,0.49492214,0.49564722,0.0,0.048,430,570,329,671
B2,2,0,clean,Clean,clean,2000,0.99267578,0.652,0.72960725,0.483,0.821,0.61360239,0.58122744,0.64176855,0.652,0.32301042,0.331,0.179,0.517,0.722783,0.71216657,0.46864574,0.47693591,0.068,0.207,821,179,517,483
B2,2,1,single_stage,JPEG Q90,jpeg__quality=90,2000,0.99267578,0.6585,0.73004354,0.503,0.814,0.62090008,0.59561871,0.65003783,0.6585,0.33354029,0.3445,0.186,0.497,0.73484,0.72504377,0.46913949,0.47798083,0.082,0.222,814,186,497,503
B2,2,2,single_stage,JPEG Q70,jpeg__quality=70,2000,0.99267578,0.6405,0.68758344,0.515,0.766,0.61231015,0.58890795,0.63474718,0.6405,0.29029313,0.3745,0.234,0.485,0.715324,0.70145792,0.47468945,0.48124524,0.069,0.199,766,234,485,515
B2,2,3,single_stage,JPEG Q50,jpeg__quality=50,2000,0.99267578,0.645,0.78543307,0.399,0.891,0.59718499,0.52917772,0.622133,0.645,0.33310544,0.254,0.109,0.601,0.7526645,0.74626686,0.47034112,0.47769922,0.099,0.206,891,109,601,399
B2,2,4,single_stage,JPEG Q30,jpeg__quality=30,2000,0.99267578,0.636,0.76254826,0.395,0.877,0.59176788,0.52042161,0.61355488,0.636,0.31044161,0.259,0.123,0.605,0.719514,0.71733514,0.47269465,0.47887439,0.086,0.209,877,123,605,395
B2,2,5,single_stage,Gaussian blur sigma=0.5,gaussian_blur__sigma=0.5,2000,0.99267578,0.6345,0.79690949,0.361,0.908,0.58694247,0.49690296,0.60494932,0.6345,0.32133499,0.2265,0.092,0.639,0.758545,0.74848764,0.45988072,0.47085132,0.084,0.224,908,92,639,361
B2,2,6,single_stage,Gaussian blur sigma=1.0,gaussian_blur__sigma=1.0,2000,0.99267578,0.5325,0.94520548,0.069,0.996,0.51686559,0.12861137,0.40458584,0.5325,0.17330499,0.0365,0.004,0.931,0.7488555,0.73929487,0.42964684,0.44552161,0.095,0.223,996,4,931,69
B2,2,7,single_stage,Gaussian blur sigma=2.0,gaussian_blur__sigma=2.0,2000,0.99267578,0.5005,1.0,0.001,1.0,0.50025013,0.001998,0.33444348,0.5005,0.02236627,0.0005,0.0,0.999,0.7665805,0.75143171,0.41238389,0.42685474,0.071,0.229,1000,0,999,1
B2,2,8,single_stage,Resize 0.5 bicubic,resize__interpolation=bicubic_scale=0.5,2000,0.99267578,0.501,1.0,0.002,1.0,0.5005005,0.00399202,0.33555171,0.501,0.0316386,0.001,0.0,0.998,0.739684,0.74085765,0.41403676,0.42531006,0.127,0.267,1000,0,998,2
B2,2,9,single_stage,Resize 0.25 bilinear,resize__interpolation=bilinear_scale=0.25,2000,0.99267578,0.5,0.0,0.0,1.0,0.5,0.0,0.33333333,0.5,0.0,0.0,0.0,1.0,0.749571,0.74343891,0.4108484,0.42260181,0.094,0.237,1000,0,1000,0
B2,2,10,single_stage,Gaussian noise sigma=0.02,gaussian_noise__sigma=0.02,2000,0.99267578,0.5005,1.0,0.001,1.0,0.50025013,0.001998,0.33444348,0.5005,0.02236627,0.0005,0.0,0.999,0.744269,0.73097146,0.35808866,0.37020398,0.088,0.219,1000,0,999,1
B2,2,11,single_stage,Gaussian noise sigma=0.05,gaussian_noise__sigma=0.05,2000,0.99267578,0.5,0.0,0.0,1.0,0.5,0.0,0.33333333,0.5,0.0,0.0,0.0,1.0,0.7594575,0.74729337,0.36577749,0.38006628,0.099,0.228,1000,0,1000,0
B2,2,12,single_stage,Gaussian noise sigma=0.10,gaussian_noise__sigma=0.1,2000,0.99267578,0.5,0.0,0.0,1.0,0.5,0.0,0.33333333,0.5,0.0,0.0,0.0,1.0,0.745958,0.74271086,0.38626722,0.39836548,0.127,0.258,1000,0,1000,0
B2,2,13,single_stage,Color jitter 0.8/0.8/0.8,color_jitter__brightness=0.8_contrast=0.8_saturation=0.8,2000,0.99267578,0.6525,0.77087034,0.434,0.871,0.60612387,0.55534229,0.63507779,0.6525,0.33909178,0.2815,0.129,0.566,0.738423,0.73332297,0.46357446,0.47266846,0.077,0.24,871,129,566,434
B2,2,14,single_stage,Color jitter 1.2/1.2/1.2,color_jitter__brightness=1.2_contrast=1.2_saturation=1.2,2000,0.99267578,0.5715,0.83886256,0.177,0.966,0.53996646,0.2923204,0.4925209,0.5715,0.23274997,0.1055,0.034,0.823,0.740154,0.73139074,0.42894506,0.44369507,0.069,0.242,966,34,823,177
B2,2,15,single_stage,Center crop ratio=0.8,center_crop__ratio=0.8,2000,0.99267578,0.5,0.0,0.0,1.0,0.5,0.0,0.33333333,0.5,0.0,0.0,0.0,1.0,0.712019,0.70316152,0.39811668,0.40649902,0.057,0.188,1000,0,1000,0
B2,2,16,two_stage,2-stage resize 0.5 + JPEG Q70,resize__interpolation=bicubic_scale=0.5__jpeg__quality=70,2000,0.99267578,0.557,0.80319149,0.151,0.963,0.53145695,0.25420875,0.46956526,0.557,0.19532005,0.094,0.037,0.849,0.69557,0.67787578,0.44822337,0.45788745,0.042,0.177,963,37,849,151
B2,2,17,two_stage,2-stage crop 0.8 + JPEG Q50,center_crop__ratio=0.8__jpeg__quality=50,2000,0.99267578,0.6185,0.80939948,0.31,0.927,0.57328386,0.4483008,0.57837279,0.6185,0.30115768,0.1915,0.073,0.69,0.7348595,0.73620145,0.4696778,0.47610596,0.087,0.231,927,73,690,310
B2,2,18,four_stage,4-stage A platform repost,center_crop__ratio=0.85__resize__interpolation=bicubic_scale=0.5__gaussian_blur__sigma=1.0__jpeg__quality=50,2000,0.99267578,0.59,0.82142857,0.23,0.95,0.55232558,0.359375,0.52895221,0.59,0.25937569,0.14,0.05,0.77,0.7405725,0.74111676,0.46283441,0.47024939,0.084,0.23,950,50,770,230
B2,2,19,four_stage,4-stage B edit repost,color_jitter__brightness=1.15_contrast=1.15_saturation=0.85__resize__interpolation=bilinear_scale=0.5__gaussian_noise__sigma=0.05__jpeg__quality=50,2000,0.99267578,0.524,0.78571429,0.066,0.982,0.5125261,0.12177122,0.3976483,0.524,0.11964756,0.042,0.018,0.934,0.642087,0.63777799,0.46393084,0.46860596,0.042,0.124,982,18,934,66
B2,2,20,six_stage,6-stage random composition,strict_random_six__profile=full_training_range_v1,2000,0.99267578,0.54,0.68018018,0.151,0.929,0.52249719,0.24713584,0.45798117,0.54,0.12733495,0.111,0.071,0.849,0.6217415,0.61178253,0.47401471,0.47658374,0.035,0.108,929,71,849,151
M2,3,0,clean,Clean,clean,2000,0.99902344,0.7885,0.77928364,0.805,0.772,0.7983454,0.7919331,0.7884424,0.7885,0.57731443,0.5165,0.228,0.195,0.856435,0.81642883,0.48293777,0.49051416,0.0,0.363,772,228,195,805
M2,3,1,single_stage,JPEG Q90,jpeg__quality=90,2000,0.99902344,0.7895,0.78134111,0.804,0.775,0.79814624,0.79250862,0.78945573,0.7895,0.57924362,0.5145,0.225,0.196,0.859347,0.8209559,0.48293312,0.49051636,0.0,0.364,775,225,196,804
M2,3,2,single_stage,JPEG Q70,jpeg__quality=70,2000,0.99902344,0.7685,0.77595067,0.755,0.782,0.76144109,0.76533198,0.7684578,0.7685,0.53719584,0.4865,0.218,0.245,0.8465725,0.80499175,0.47910119,0.48828638,0.0,0.265,782,218,245,755
M2,3,3,single_stage,JPEG Q50,jpeg__quality=50,2000,0.99902344,0.7655,0.77399381,0.75,0.781,0.75751697,0.76180802,0.76544365,0.7655,0.53125533,0.4845,0.219,0.25,0.839471,0.79505358,0.48097287,0.48929395,0.0,0.253,781,219,250,750
M2,3,4,single_stage,JPEG Q30,jpeg__quality=30,2000,0.99902344,0.773,0.77029703,0.778,0.768,0.77575758,0.77412935,0.77299432,0.773,0.5460273,0.505,0.232,0.222,0.8429905,0.79737045,0.48317459,0.49057813,0.0,0.268,768,232,222,778
M2,3,5,single_stage,Gaussian blur sigma=0.5,gaussian_blur__sigma=0.5,2000,0.99902344,0.7985,0.8012109,0.794,0.803,0.79583746,0.79758915,0.79849592,0.7985,0.59702418,0.4955,0.197,0.206,0.8664445,0.82805221,0.48254644,0.49033496,0.0,0.3,803,197,206,794
M2,3,6,single_stage,Gaussian blur sigma=1.0,gaussian_blur__sigma=1.0,2000,0.99902344,0.788,0.78015564,0.802,0.774,0.7962963,0.79092702,0.78795844,0.788,0.57622592,0.514,0.226,0.198,0.861668,0.81836794,0.48900701,0.49388696,0.0,0.283,774,226,198,802
M2,3,7,single_stage,Gaussian blur sigma=2.0,gaussian_blur__sigma=2.0,2000,0.99902344,0.752,0.72380107,0.815,0.689,0.78832952,0.76669802,0.75101177,0.752,0.50804903,0.563,0.311,0.185,0.815776,0.76169524,0.4920654,0.4954856,0.0,0.253,689,311,185,815
M2,3,8,single_stage,Resize 0.5 bicubic,resize__interpolation=bicubic_scale=0.5,2000,0.99902344,0.7765,0.77788945,0.774,0.779,0.77512438,0.77593985,0.7764986,0.7765,0.55300691,0.4975,0.221,0.226,0.8469505,0.80203752,0.48615536,0.4922312,0.0,0.226,779,221,226,774
M2,3,9,single_stage,Resize 0.25 bilinear,resize__interpolation=bilinear_scale=0.25,2000,0.99902344,0.7365,0.73768844,0.734,0.739,0.73532338,0.7358396,0.73649835,0.7365,0.47300591,0.4975,0.261,0.266,0.807119,0.75266627,0.49026805,0.49438525,0.0,0.148,739,261,266,734
M2,3,10,single_stage,Gaussian noise sigma=0.02,gaussian_noise__sigma=0.02,2000,0.99902344,0.7785,0.78505629,0.767,0.79,0.77223851,0.77592312,0.7784707,0.7785,0.55714738,0.4885,0.21,0.233,0.850477,0.80751532,0.48466853,0.49137402,0.0,0.231,790,210,233,767
M2,3,11,single_stage,Gaussian noise sigma=0.05,gaussian_noise__sigma=0.05,2000,0.99902344,0.7685,0.77203647,0.762,0.775,0.76505429,0.76698541,0.76849022,0.7685,0.53704538,0.4935,0.225,0.238,0.8384005,0.78846068,0.48723951,0.49277344,0.0,0.209,775,225,238,762
M2,3,12,single_stage,Gaussian noise sigma=0.10,gaussian_noise__sigma=0.1,2000,0.99902344,0.7565,0.74639769,0.777,0.736,0.76746611,0.76139147,0.75639763,0.7565,0.51343172,0.5205,0.264,0.223,0.817979,0.7677789,0.49215089,0.49540869,0.0,0.209,736,264,223,777
M2,3,13,single_stage,Color jitter 0.8/0.8/0.8,color_jitter__brightness=0.8_contrast=0.8_saturation=0.8,2000,0.99902344,0.776,0.78163265,0.766,0.786,0.77058824,0.77373737,0.7759776,0.776,0.55211043,0.49,0.214,0.234,0.848126,0.8066239,0.48492055,0.49149365,0.0,0.265,786,214,234,766
M2,3,14,single_stage,Color jitter 1.2/1.2/1.2,color_jitter__brightness=1.2_contrast=1.2_saturation=1.2,2000,0.99902344,0.7675,0.75945684,0.783,0.752,0.77605779,0.77104874,0.76744413,0.7675,0.53525725,0.5155,0.248,0.217,0.8429305,0.7998777,0.48686419,0.49261157,0.0,0.302,752,248,217,783
M2,3,15,single_stage,Center crop ratio=0.8,center_crop__ratio=0.8,2000,0.99902344,0.7755,0.77467597,0.777,0.774,0.77632899,0.77583625,0.77549949,0.7755,0.55100248,0.5015,0.226,0.223,0.844801,0.79843229,0.48431839,0.49121777,0.0,0.243,774,226,223,777
M2,3,16,two_stage,2-stage resize 0.5 + JPEG Q70,resize__interpolation=bicubic_scale=0.5__jpeg__quality=70,2000,0.99902344,0.7765,0.80893855,0.724,0.829,0.75022624,0.76411609,0.77588228,0.7765,0.55607385,0.4475,0.171,0.276,0.8517,0.80859816,0.48097154,0.48928857,0.0,0.168,829,171,276,724
M2,3,17,two_stage,2-stage crop 0.8 + JPEG Q50,center_crop__ratio=0.8__jpeg__quality=50,2000,0.99902344,0.759,0.77035491,0.738,0.78,0.74856046,0.75383044,0.75889367,0.759,0.51845748,0.479,0.22,0.262,0.840349,0.79744078,0.48074649,0.48915332,0.0,0.222,780,220,262,738
M2,3,18,four_stage,4-stage A platform repost,center_crop__ratio=0.85__resize__interpolation=bicubic_scale=0.5__gaussian_blur__sigma=1.0__jpeg__quality=50,2000,0.99902344,0.7575,0.79294653,0.697,0.818,0.72970562,0.74188398,0.75660913,0.7575,0.51881197,0.4395,0.182,0.303,0.8345525,0.79104941,0.4823589,0.48995825,0.0,0.152,818,182,303,697
M2,3,19,four_stage,4-stage B edit repost,color_jitter__brightness=1.15_contrast=1.15_saturation=0.85__resize__interpolation=bilinear_scale=0.5__gaussian_noise__sigma=0.05__jpeg__quality=50,2000,0.99902344,0.7175,0.77920411,0.607,0.828,0.67813268,0.68240585,0.71400797,0.7175,0.44602859,0.3895,0.172,0.393,0.808302,0.76220911,0.48463804,0.4909375,0.0,0.083,828,172,393,607
M2,3,20,six_stage,6-stage random composition,strict_random_six__profile=full_training_range_v1,2000,0.99902344,0.6995,0.76423841,0.577,0.822,0.66024096,0.65754986,0.69492192,0.6995,0.41154255,0.3775,0.178,0.423,0.7847615,0.73564287,0.48638017,0.49182861,0.0,0.078,822,178,423,577
M3,4,0,clean,Clean,clean,2000,0.99902344,0.793,0.77079482,0.834,0.752,0.81917211,0.80115274,0.79265145,0.793,0.58798012,0.541,0.248,0.166,0.863066,0.82057311,0.47949795,0.48872656,0.0,0.0,752,248,166,834
M3,4,1,single_stage,JPEG Q90,jpeg__quality=90,2000,0.99902344,0.7935,0.77100646,0.835,0.752,0.82006543,0.80172828,0.79314374,0.7935,0.58903243,0.5415,0.248,0.165,0.8636215,0.82174994,0.47947454,0.48871387,0.0,0.0,752,248,165,835
M3,4,2,single_stage,JPEG Q70,jpeg__quality=70,2000,0.99902344,0.777,0.76841085,0.793,0.761,0.78615702,0.78051181,0.7769429,0.777,0.55428387,0.516,0.239,0.207,0.8515705,0.80824967,0.47449524,0.48581348,0.0,0.356,761,239,207,793
M3,4,3,single_stage,JPEG Q50,jpeg__quality=50,2000,0.99902344,0.771,0.76778656,0.777,0.765,0.7742915,0.77236581,0.77099176,0.771,0.54203903,0.506,0.235,0.223,0.846501,0.80313061,0.4766543,0.48700024,0.0,0.338,765,235,223,777
M3,4,4,single_stage,JPEG Q30,jpeg__quality=30,2000,0.99902344,0.774,0.75849057,0.804,0.744,0.79148936,0.78058252,0.77379642,0.774,0.54898907,0.53,0.256,0.196,0.844941,0.79659331,0.47961554,0.488729,0.0,0.0,744,256,196,804
M3,4,5,single_stage,Gaussian blur sigma=0.5,gaussian_blur__sigma=0.5,2000,0.99902344,0.8,0.78462998,0.827,0.773,0.81712474,0.80525803,0.79985409,0.8,0.60087672,0.527,0.227,0.173,0.8723935,0.83194201,0.47996516,0.48905151,0.0,0.41,773,227,173,827
M3,4,6,single_stage,Gaussian blur sigma=1.0,gaussian_blur__sigma=1.0,2000,0.99902344,0.795,0.76624549,0.849,0.741,0.83071749,0.80550285,0.79440047,0.795,0.59347128,0.554,0.259,0.151,0.8700085,0.82515061,0.48889393,0.49395215,0.0,0.386,741,259,151,849
M3,4,7,single_stage,Gaussian blur sigma=2.0,gaussian_blur__sigma=2.0,2000,0.99902344,0.752,0.70554649,0.865,0.639,0.8255814,0.7771788,0.74879233,0.752,0.51738618,0.613,0.361,0.135,0.8237065,0.76956746,0.49240836,0.49578491,0.0,0.0,639,361,135,865
M3,4,8,single_stage,Resize 0.5 bicubic,resize__interpolation=bicubic_scale=0.5,2000,0.99902344,0.781,0.76360225,0.814,0.748,0.80085653,0.78799613,0.78076125,0.781,0.56322805,0.533,0.252,0.186,0.8506075,0.80351395,0.48508614,0.49177637,0.0,0.304,748,252,186,814
M3,4,9,single_stage,Resize 0.25 bilinear,resize__interpolation=bilinear_scale=0.25,2000,0.99902344,0.7395,0.71713509,0.791,0.688,0.76700111,0.75225868,0.73880725,0.7395,0.48156125,0.5515,0.312,0.209,0.809555,0.75249174,0.49047466,0.49463647,0.0,0.226,688,312,209,791
M3,4,10,single_stage,Gaussian noise sigma=0.02,gaussian_noise__sigma=0.02,2000,0.99902344,0.7885,0.78878879,0.788,0.789,0.78821179,0.7883942,0.78849995,0.7885,0.57700029,0.4995,0.211,0.212,0.854314,0.8089615,0.48038728,0.48910498,0.0,0.319,789,211,212,788
M3,4,11,single_stage,Gaussian noise sigma=0.05,gaussian_noise__sigma=0.05,2000,0.99902344,0.774,0.76862745,0.784,0.764,0.77959184,0.77623762,0.7739774,0.774,0.54810963,0.51,0.236,0.216,0.842099,0.79173061,0.48336671,0.49072656,0.0,0.292,764,236,216,784
M3,4,12,single_stage,Gaussian noise sigma=0.10,gaussian_noise__sigma=0.1,2000,0.99902344,0.7565,0.74734812,0.775,0.738,0.76635514,0.76092293,0.75641663,0.7565,0.51335151,0.5185,0.262,0.225,0.8185355,0.76566945,0.48886364,0.4936355,0.0,0.242,738,262,225,775
M3,4,13,single_stage,Color jitter 0.8/0.8/0.8,color_jitter__brightness=0.8_contrast=0.8_saturation=0.8,2000,0.99902344,0.782,0.77865613,0.788,0.776,0.7854251,0.7833002,0.78199215,0.782,0.56404061,0.506,0.224,0.212,0.8552985,0.81291902,0.48210835,0.49004321,0.0,0.326,776,224,212,788
M3,4,14,single_stage,Color jitter 1.2/1.2/1.2,color_jitter__brightness=1.2_contrast=1.2_saturation=1.2,2000,0.99902344,0.7665,0.7364685,0.83,0.703,0.80526919,0.78044194,0.76555466,0.7665,0.53735108,0.5635,0.297,0.17,0.850827,0.80607063,0.48476724,0.49160156,0.0,0.0,703,297,170,830
M3,4,15,single_stage,Center crop ratio=0.8,center_crop__ratio=0.8,2000,0.99902344,0.7815,0.76137419,0.82,0.743,0.80498375,0.78960039,0.78117565,0.7815,0.56467647,0.5385,0.257,0.18,0.852106,0.80701763,0.48106516,0.48953809,0.0,0.337,743,257,180,820
M3,4,16,two_stage,2-stage resize 0.5 + JPEG Q70,resize__interpolation=bicubic_scale=0.5__jpeg__quality=70,2000,0.99902344,0.7795,0.79390116,0.755,0.804,0.76644423,0.77396207,0.77936757,0.7795,0.55967229,0.4755,0.196,0.245,0.852969,0.80587882,0.4784048,0.48800854,0.0,0.236,804,196,245,755
M3,4,17,two_stage,2-stage crop 0.8 + JPEG Q50,center_crop__ratio=0.8__jpeg__quality=50,2000,0.99902344,0.7655,0.75953079,0.777,0.754,0.77175026,0.76816609,0.76546898,0.7655,0.53114051,0.5115,0.246,0.223,0.8431655,0.79791309,0.47709069,0.48721265,0.0,0.304,754,246,223,777
M3,4,18,four_stage,4-stage A platform repost,center_crop__ratio=0.85__resize__interpolation=bicubic_scale=0.5__gaussian_blur__sigma=1.0__jpeg__quality=50,2000,0.99902344,0.7635,0.77025641,0.751,0.776,0.75707317,0.76050633,0.76346304,0.7635,0.52716476,0.4875,0.224,0.249,0.8376885,0.78949371,0.4812799,0.48953052,0.0,0.205,776,224,249,751
M3,4,19,four_stage,4-stage B edit repost,color_jitter__brightness=1.15_contrast=1.15_saturation=0.85__resize__interpolation=bilinear_scale=0.5__gaussian_noise__sigma=0.05__jpeg__quality=50,2000,0.99902344,0.7285,0.76294591,0.663,0.794,0.7020336,0.7094703,0.72733018,0.7285,0.46097249,0.4345,0.206,0.337,0.8117545,0.76411044,0.48209514,0.48967773,0.0,0.129,794,206,337,663
M3,4,20,six_stage,6-stage random composition,strict_random_six__profile=full_training_range_v1,2000,0.99902344,0.7105,0.74505239,0.64,0.781,0.68448729,0.68854223,0.70905393,0.7105,0.4252484,0.4295,0.219,0.36,0.790205,0.74531635,0.48403912,0.49067041,0.0,0.125,781,219,360,640
