atlas_index,tile_id,section,section_group,split,split_index,generator_id,architecture,generator_exposure,sample_id,relative_path,sha256,width,height,format,byte_size,candidate_images_for_generator,generator_selection_rule,selection_rule
1,TR001,Training set,Train exact generators,train,1,ashutosh94/my-pet-character,LatDiff,train_seen,cf_train_aigi_02811bfcf1e5e5f7,train/aigi/cf_train_aigi_02811bfcf1e5e5f7_00000292.png.png,2879d0c39cd7beaab7a8a546eea1c79951cae318fbed3ddbe724b7be73c82bb4,512,512,PNG,590885,10,Keep all generators in architecture families with <=5 generators; allocate remaining slots proportionally and rank generators by SHA256(seed:canonical_generator_id).,"minimum (sha256, sample_id) within split and exact generator"
2,TR002,Training set,Train exact generators,train,2,aviiax/ds8,LatDiff,train_seen,cf_train_aigi_80c1678cd2c0ee94,train/aigi/cf_train_aigi_80c1678cd2c0ee94_00000217.png.png,38c4b52624adc6493e0aaa15668cc8dcfc318a103bf3473dfc2a3127e9888520,512,512,PNG,332673,10,Keep all generators in architecture families with <=5 generators; allocate remaining slots proportionally and rank generators by SHA256(seed:canonical_generator_id).,"minimum (sha256, sample_id) within split and exact generator"
3,TR003,Training set,Train exact generators,train,3,badmonk/lxrab,LatDiff,train_seen,cf_train_aigi_99bfe3b433eda165,train/aigi/cf_train_aigi_99bfe3b433eda165_00000225.png.png,2aaf713bc51ba159c4f2f6a31076068404de3640fffa7804e0df6b2eba4d3ae8,512,512,PNG,457048,10,Keep all generators in architecture families with <=5 generators; allocate remaining slots proportionally and rank generators by SHA256(seed:canonical_generator_id).,"minimum (sha256, sample_id) within split and exact generator"
4,TR004,Training set,Train exact generators,train,4,badmonk/mgitsgi,LatDiff,train_seen,cf_train_aigi_4f0acb2898d25dcf,train/aigi/cf_train_aigi_4f0acb2898d25dcf_00000381.png.png,046a1aa4919c4be5c8b35f793cfb40d27ef6c75ed54a5c1ddecf75a2622d5fd4,512,512,PNG,490145,10,Keep all generators in architecture families with <=5 generators; allocate remaining slots proportionally and rank generators by SHA256(seed:canonical_generator_id).,"minimum (sha256, sample_id) within split and exact generator"
5,TR005,Training set,Train exact generators,train,5,birdhouse5/textual-inversion-naive-artstyle-ac,LatDiff,train_seen,cf_train_aigi_0d2d45e9c57c8e81,train/aigi/cf_train_aigi_0d2d45e9c57c8e81_00000303.png.png,0b4cadfe28102f73fbff717b7d3565a0fe3a961e6b30f74d90302583fbe5f5a7,512,512,PNG,490107,10,Keep all generators in architecture families with <=5 generators; allocate remaining slots proportionally and rank generators by SHA256(seed:canonical_generator_id).,"minimum (sha256, sample_id) within split and exact generator"
6,TR006,Training set,Train exact generators,train,6,briannlongzhao/22,LatDiff,train_seen,cf_train_aigi_09e1b70a086a9041,train/aigi/cf_train_aigi_09e1b70a086a9041_00000271.png.png,1bc028bf1381938fcdd0ada94458b7be1850c1ccfc563937286a53a1feab3aed,512,512,PNG,433942,10,Keep all generators in architecture families with <=5 generators; allocate remaining slots proportionally and rank generators by SHA256(seed:canonical_generator_id).,"minimum (sha256, sample_id) within split and exact generator"
7,TR007,Training set,Train exact generators,train,7,briannlongzhao/27,LatDiff,train_seen,cf_train_aigi_c19af499f8dfc616,train/aigi/cf_train_aigi_c19af499f8dfc616_00000000.png.png,018572711130eb8a47ba601b072b0fb5a8cb06e62c9b3d745f097b155165c296,512,512,PNG,442455,10,Keep all generators in architecture families with <=5 generators; allocate remaining slots proportionally and rank generators by SHA256(seed:canonical_generator_id).,"minimum (sha256, sample_id) within split and exact generator"
8,TR008,Training set,Train exact generators,train,8,briannlongzhao/49,LatDiff,train_seen,cf_train_aigi_4abc37e8f0ed3213,train/aigi/cf_train_aigi_4abc37e8f0ed3213_00000265.png.png,1fca64a2b9878c862ef73fc8477bd8de8e217b11ac2f26b160c882c881eab8c0,512,512,PNG,296051,10,Keep all generators in architecture families with <=5 generators; allocate remaining slots proportionally and rank generators by SHA256(seed:canonical_generator_id).,"minimum (sha256, sample_id) within split and exact generator"
9,TR009,Training set,Train exact generators,train,9,briannlongzhao/50,LatDiff,train_seen,cf_train_aigi_4e28e7a466fb29e0,train/aigi/cf_train_aigi_4e28e7a466fb29e0_00000161.png.png,26755cd4f0caeaf5a03dc15d1f313f2bb52eb51d5caf1f0c7c39653ecdf019f9,512,512,PNG,380051,10,Keep all generators in architecture families with <=5 generators; allocate remaining slots proportionally and rank generators by SHA256(seed:canonical_generator_id).,"minimum (sha256, sample_id) within split and exact generator"
10,TR010,Training set,Train exact generators,train,10,briannlongzhao/58,LatDiff,train_seen,cf_train_aigi_4253ccee831c1253,train/aigi/cf_train_aigi_4253ccee831c1253_00000393.png.png,10b8fa1aa662a3bdee806c268351dd08a2ba59c683b7d5bc1bf69b8d3e416671,512,512,PNG,468149,10,Keep all generators in architecture families with <=5 generators; allocate remaining slots proportionally and rank generators by SHA256(seed:canonical_generator_id).,"minimum (sha256, sample_id) within split and exact generator"
11,TR011,Training set,Train exact generators,train,11,bricejoshy/bmw-m8,LatDiff,train_seen,cf_train_aigi_64a0565c6332fdd2,train/aigi/cf_train_aigi_64a0565c6332fdd2_00000117.png.png,106ae32aadbabb44cfd437924ff733222f84e3de03e89e7851e07f6b0f9527f0,512,512,PNG,358690,10,Keep all generators in architecture families with <=5 generators; allocate remaining slots proportionally and rank generators by SHA256(seed:canonical_generator_id).,"minimum (sha256, sample_id) within split and exact generator"
12,TR012,Training set,Train exact generators,train,12,chaossy/id2047,LatDiff,train_seen,cf_train_aigi_f3ba78f2db3c355c,train/aigi/cf_train_aigi_f3ba78f2db3c355c_00000277.png.png,1186ab42eb70d98ff88942f78b0bd321e2cd2d546129eaf0a1e2c7a4c0ac66b6,512,512,PNG,489285,10,Keep all generators in architecture families with <=5 generators; allocate remaining slots proportionally and rank generators by SHA256(seed:canonical_generator_id).,"minimum (sha256, sample_id) within split and exact generator"
13,TR013,Training set,Train exact generators,train,13,chromefan/gmater-poster-style-v1.0,LatDiff,train_seen,cf_train_aigi_285d4c36bad1415d,train/aigi/cf_train_aigi_285d4c36bad1415d_00000171.png.png,09d5f360d0acccd5dfd71d3ffcffdc86061eb25bda88cd5fdf747b6c04a3c673,512,512,PNG,500069,10,Keep all generators in architecture families with <=5 generators; allocate remaining slots proportionally and rank generators by SHA256(seed:canonical_generator_id).,"minimum (sha256, sample_id) within split and exact generator"
14,TR014,Training set,Train exact generators,train,14,cips,GAN,train_seen,cf_train_aigi_930dfba8c22cd890,train/aigi/cf_train_aigi_930dfba8c22cd890_005945.png.png,40cdb9c633b3e7e028aa949e9447b298d9819926cf1aec90c89eeba4ef88079c,256,256,PNG,64596,10,Keep all generators in architecture families with <=5 generators; allocate remaining slots proportionally and rank generators by SHA256(seed:canonical_generator_id).,"minimum (sha256, sample_id) within split and exact generator"
15,TR015,Training set,Train exact generators,train,15,circulus/sd-photoreal-v2.7,LatDiff,train_seen,cf_train_aigi_dd7b9bc786b57544,train/aigi/cf_train_aigi_dd7b9bc786b57544_00000154.png.png,08299042ee139b8f4200da8362b0a11fd37a81ad52c827c6561374f84729220e,512,512,PNG,464288,10,Keep all generators in architecture families with <=5 generators; allocate remaining slots proportionally and rank generators by SHA256(seed:canonical_generator_id).,"minimum (sha256, sample_id) within split and exact generator"
16,TR016,Training set,Train exact generators,train,16,coder443/dog,LatDiff,train_seen,cf_train_aigi_8cbe6888364a2cab,train/aigi/cf_train_aigi_8cbe6888364a2cab_00000496.png.png,191c8ab3ba1231c10b2b50d8afc75bef5567d2f5ca14a4166dbc8ab48a90f979,512,512,PNG,283653,10,Keep all generators in architecture families with <=5 generators; allocate remaining slots proportionally and rank generators by SHA256(seed:canonical_generator_id).,"minimum (sha256, sample_id) within split and exact generator"
17,TR017,Training set,Train exact generators,train,17,cuixing/textual-inversion-style0808,LatDiff,train_seen,cf_train_aigi_faa5344b6f1957e7,train/aigi/cf_train_aigi_faa5344b6f1957e7_00000351.png.png,1ae1eacecd3140756f99102fbfdf5f0b7257fb2ab1e9ff4f8f829d0ac6f9c7b8,512,512,PNG,433268,10,Keep all generators in architecture families with <=5 generators; allocate remaining slots proportionally and rank generators by SHA256(seed:canonical_generator_id).,"minimum (sha256, sample_id) within split and exact generator"
18,TR018,Training set,Train exact generators,train,18,darksamurai001/my-pet-dog,LatDiff,train_seen,cf_train_aigi_56ceb159e9019a68,train/aigi/cf_train_aigi_56ceb159e9019a68_00000307.png.png,00da8f215e6ea50ab9bcbaa83fd45356612ec39242544c81b1e6360ebf0198f4,512,512,PNG,300536,10,Keep all generators in architecture families with <=5 generators; allocate remaining slots proportionally and rank generators by SHA256(seed:canonical_generator_id).,"minimum (sha256, sample_id) within split and exact generator"
19,TR019,Training set,Train exact generators,train,19,decept1on/zephyrs-waifu-diffusion,LatDiff,train_seen,cf_train_aigi_d7c6cdc85b461ea8,train/aigi/cf_train_aigi_d7c6cdc85b461ea8_00000209.png.png,18cd41d289311a2561b1c04d0e317a041b70e9b821270724b40fb7335a66fda6,512,512,PNG,437977,10,Keep all generators in architecture families with <=5 generators; allocate remaining slots proportionally and rank generators by SHA256(seed:canonical_generator_id).,"minimum (sha256, sample_id) within split and exact generator"
20,TR020,Training set,Train exact generators,train,20,digiplay/alstroemeriamix-v1,LatDiff,train_seen,cf_train_aigi_56628cfdb8623552,train/aigi/cf_train_aigi_56628cfdb8623552_00000387.png.png,20f1e9fa35483e6b6567ef379880e0b1356b8d7f2767e90bef2a365ba2ab0411,512,512,PNG,331631,10,Keep all generators in architecture families with <=5 generators; allocate remaining slots proportionally and rank generators by SHA256(seed:canonical_generator_id).,"minimum (sha256, sample_id) within split and exact generator"
21,TR021,Training set,Train exact generators,train,21,digiplay/fantasticmix-v65-test,LatDiff,train_seen,cf_train_aigi_b870897afbb421bb,train/aigi/cf_train_aigi_b870897afbb421bb_00000092.png.png,1b6d303a877a1ac80086240b2bcc501f47ea9accd4ab9b9d88d4e4c5ef5da2e1,512,512,PNG,342805,10,Keep all generators in architecture families with <=5 generators; allocate remaining slots proportionally and rank generators by SHA256(seed:canonical_generator_id).,"minimum (sha256, sample_id) within split and exact generator"
22,TR022,Training set,Train exact generators,train,22,digiplay/lunardiffusion-v1.27,LatDiff,train_seen,cf_train_aigi_733a5862e5d24c43,train/aigi/cf_train_aigi_733a5862e5d24c43_00000140.png.png,0e2d990aceb805d895610a0ada28c5d8fa094180862ee0e2f1c67836db3c87fd,512,512,PNG,358120,10,Keep all generators in architecture families with <=5 generators; allocate remaining slots proportionally and rank generators by SHA256(seed:canonical_generator_id).,"minimum (sha256, sample_id) within split and exact generator"
23,TR023,Training set,Train exact generators,train,23,digiplay/rundiffusionfx2.5d-v1-diffusers,LatDiff,train_seen,cf_train_aigi_d831a881932c5851,train/aigi/cf_train_aigi_d831a881932c5851_00000397.png.png,1784a5e618c2750f84e2803f8099ca9de0655ef341e3a8b3397e09b288e9da26,512,512,PNG,350901,10,Keep all generators in architecture families with <=5 generators; allocate remaining slots proportionally and rank generators by SHA256(seed:canonical_generator_id).,"minimum (sha256, sample_id) within split and exact generator"
24,TR024,Training set,Train exact generators,train,24,duchaiten/dh-classicanime,LatDiff,train_seen,cf_train_aigi_765a79539af627cc,train/aigi/cf_train_aigi_765a79539af627cc_00000274.png.png,0e6b761e2b8e66921a9abb1375e48f34eae5b3b3c9e0e5e171da14fef86a8cf9,512,512,PNG,398955,10,Keep all generators in architecture families with <=5 generators; allocate remaining slots proportionally and rank generators by SHA256(seed:canonical_generator_id).,"minimum (sha256, sample_id) within split and exact generator"
25,TR025,Training set,Train exact generators,train,25,dxli/backpack,LatDiff,train_seen,cf_train_aigi_4fce33667bfad41c,train/aigi/cf_train_aigi_4fce33667bfad41c_00000090.png.png,09d4d6bda852e7681347153f021eac95cae9a6c6d34ed8d1611e094a74cbe6ff,512,512,PNG,457029,10,Keep all generators in architecture families with <=5 generators; allocate remaining slots proportionally and rank generators by SHA256(seed:canonical_generator_id).,"minimum (sha256, sample_id) within split and exact generator"
26,TR026,Training set,Train exact generators,train,26,earthndusk/identitydisorder-mix,LatDiff,train_seen,cf_train_aigi_190faf6d9b579f09,train/aigi/cf_train_aigi_190faf6d9b579f09_00000272.png.png,0470792d051a9bb6acbda7fb74d84a903351b02da74b0d2a8098714348023aed,512,512,PNG,453910,10,Keep all generators in architecture families with <=5 generators; allocate remaining slots proportionally and rank generators by SHA256(seed:canonical_generator_id).,"minimum (sha256, sample_id) within split and exact generator"
27,TR027,Training set,Train exact generators,train,27,eienmojiki/cuteyukimix-kemiaomiao,LatDiff,train_seen,cf_train_aigi_085fed27671afbf8,train/aigi/cf_train_aigi_085fed27671afbf8_00000070.png.png,26a4bc5d8e01d4cb5862c2ad003f9b64eb8b28c75796f834ff2ec27c4c974108,512,512,PNG,342648,10,Keep all generators in architecture families with <=5 generators; allocate remaining slots proportionally and rank generators by SHA256(seed:canonical_generator_id).,"minimum (sha256, sample_id) within split and exact generator"
28,TR028,Training set,Train exact generators,train,28,elaina617/rubyhoshino,LatDiff,train_seen,cf_train_aigi_4977d31aa60779d6,train/aigi/cf_train_aigi_4977d31aa60779d6_00000298.png.png,179b74554ae806e992596989dc5d25078136ada9a710a416a37a7a4c023e595c,512,512,PNG,492279,10,Keep all generators in architecture families with <=5 generators; allocate remaining slots proportionally and rank generators by SHA256(seed:canonical_generator_id).,"minimum (sha256, sample_id) within split and exact generator"
29,TR029,Training set,Train exact generators,train,29,freemindcore/eanovnty-esmlvnty-0412-s8000-full,LatDiff,train_seen,cf_train_aigi_f6e2dd7803a67cd4,train/aigi/cf_train_aigi_f6e2dd7803a67cd4_00000395.png.png,2bb7aff3f83d5bf7dda13afee1c7381796c39dc4912fb8b4547daff3440b1020,512,512,PNG,303159,10,Keep all generators in architecture families with <=5 generators; allocate remaining slots proportionally and rank generators by SHA256(seed:canonical_generator_id).,"minimum (sha256, sample_id) within split and exact generator"
30,TR030,Training set,Train exact generators,train,30,gapa9999/gapacharone,LatDiff,train_seen,cf_train_aigi_09f41a12f0e28339,train/aigi/cf_train_aigi_09f41a12f0e28339_00000202.png.png,0f7e716af27745086789eb854e020500f786c3b3d271e2140d34fc0f99532eb3,512,512,PNG,397081,10,Keep all generators in architecture families with <=5 generators; allocate remaining slots proportionally and rank generators by SHA256(seed:canonical_generator_id).,"minimum (sha256, sample_id) within split and exact generator"
31,TR031,Training set,Train exact generators,train,31,greeshma720/converting-instructions-to-painting,LatDiff,train_seen,cf_train_aigi_e7c4a65cb068d398,train/aigi/cf_train_aigi_e7c4a65cb068d398_00000139.png.png,08686d704e0590e74bdda055ecbd7d6d6b4e9cb172c1d82317ef42c5b1bd593f,512,512,PNG,297130,10,Keep all generators in architecture families with <=5 generators; allocate remaining slots proportionally and rank generators by SHA256(seed:canonical_generator_id).,"minimum (sha256, sample_id) within split and exact generator"
32,TR032,Training set,Train exact generators,train,32,guideddiffusion,PixDiff,train_seen,cf_train_aigi_d784b8e012d755bf,train/aigi/cf_train_aigi_d784b8e012d755bf_007423.png.png,02b955ec36bc49203705cad83779d292cb25fb03fbddcf9a38e61f5053ad8e04,512,512,PNG,320339,10,Keep all generators in architecture families with <=5 generators; allocate remaining slots proportionally and rank generators by SHA256(seed:canonical_generator_id).,"minimum (sha256, sample_id) within split and exact generator"
33,TR033,Training set,Train exact generators,train,33,guizmus/darksoulsdiffusion,LatDiff,train_seen,cf_train_aigi_6ab9c24e1d37c9c4,train/aigi/cf_train_aigi_6ab9c24e1d37c9c4_00000137.png.png,13e234fe0e95a067a502eeb68e96c599d18815ac661cc7c28be95869877f97e9,512,512,PNG,312291,10,Keep all generators in architecture families with <=5 generators; allocate remaining slots proportionally and rank generators by SHA256(seed:canonical_generator_id).,"minimum (sha256, sample_id) within split and exact generator"
34,TR034,Training set,Train exact generators,train,34,jkcarney/romcom-diffusion-1.0,LatDiff,train_seen,cf_train_aigi_a6edbebd2b3021b3,train/aigi/cf_train_aigi_a6edbebd2b3021b3_00000156.png.png,05b20ae0421497be5ea07be8d1a1d9a934c384e8a251f6291669418ec3273e27,512,512,PNG,377338,10,Keep all generators in architecture families with <=5 generators; allocate remaining slots proportionally and rank generators by SHA256(seed:canonical_generator_id).,"minimum (sha256, sample_id) within split and exact generator"
35,TR035,Training set,Train exact generators,train,35,joeythemonster/anything-midjourney-v-4-1,LatDiff,train_seen,cf_train_aigi_68a4e5b82cb91a6a,train/aigi/cf_train_aigi_68a4e5b82cb91a6a_00000324.png.png,87d9556e78f53c48ea8c084373d97ee1f4c3d19478d91e2ca70ba930c6d4a188,512,512,PNG,566830,10,Keep all generators in architecture families with <=5 generators; allocate remaining slots proportionally and rank generators by SHA256(seed:canonical_generator_id).,"minimum (sha256, sample_id) within split and exact generator"
36,TR036,Training set,Train exact generators,train,36,lostmedia/retrodiffusion,LatDiff,train_seen,cf_train_aigi_47a93cd09108464d,train/aigi/cf_train_aigi_47a93cd09108464d_00000167.png.png,0b882c1ddd5cf683eb6ed8dbf1c5d09eda5b71758109284365f5efca9d9b866a,512,512,PNG,468518,10,Keep all generators in architecture families with <=5 generators; allocate remaining slots proportionally and rank generators by SHA256(seed:canonical_generator_id).,"minimum (sha256, sample_id) within split and exact generator"
37,TR037,Training set,Train exact generators,train,37,lottepeisch/revanimated-diffusers,LatDiff,train_seen,cf_train_aigi_c7bae1f2209f1e6d,train/aigi/cf_train_aigi_c7bae1f2209f1e6d_00000232.png.png,08d1ceda1d0409d8f0397d7d857fdc566a4b87ebe154d2a8a9eb0ecea0f06315,512,512,PNG,227338,10,Keep all generators in architecture families with <=5 generators; allocate remaining slots proportionally and rank generators by SHA256(seed:canonical_generator_id).,"minimum (sha256, sample_id) within split and exact generator"
38,TR038,Training set,Train exact generators,train,38,malavikacomrade/my-pet-dog,LatDiff,train_seen,cf_train_aigi_5c7e531ec5ed9a3d,train/aigi/cf_train_aigi_5c7e531ec5ed9a3d_00000134.png.png,04e289991d0f0e07bf65518740d8aa05de120eab07e9b1b3cf8827f55c21bf7b,512,512,PNG,472010,10,Keep all generators in architecture families with <=5 generators; allocate remaining slots proportionally and rank generators by SHA256(seed:canonical_generator_id).,"minimum (sha256, sample_id) within split and exact generator"
39,TR039,Training set,Train exact generators,train,39,mitsua/mitsua-diffusion-cc0,LatDiff,train_seen,cf_train_aigi_5b9eb4ea315ddbcc,train/aigi/cf_train_aigi_5b9eb4ea315ddbcc_00000380.png.png,292a1c0f15ff6eac9b6b5daf93b41ea593eca6e8083e66dffe5a605614344cb2,512,512,PNG,381093,10,Keep all generators in architecture families with <=5 generators; allocate remaining slots proportionally and rank generators by SHA256(seed:canonical_generator_id).,"minimum (sha256, sample_id) within split and exact generator"
40,TR040,Training set,Train exact generators,train,40,moonlightnexus/wonder-anime,LatDiff,train_seen,cf_train_aigi_05530690bf07e3aa,train/aigi/cf_train_aigi_05530690bf07e3aa_00000374.png.png,3a05dbe521828ad7241bec2f28f36cf5a8eb73604aefbe6d8da6cfd378ab9499,512,512,PNG,353653,10,Keep all generators in architecture families with <=5 generators; allocate remaining slots proportionally and rank generators by SHA256(seed:canonical_generator_id).,"minimum (sha256, sample_id) within split and exact generator"
41,TR041,Training set,Train exact generators,train,41,muhammadreza/mann-e-pixel-art-revised-2,LatDiff,train_seen,cf_train_aigi_3f749a93b0e2b471,train/aigi/cf_train_aigi_3f749a93b0e2b471_00000303.png.png,1d4d2f520483105217375fd3ccf5e4b242689de2b3b82006eb53aa60fb31b4ab,512,512,PNG,237809,10,Keep all generators in architecture families with <=5 generators; allocate remaining slots proportionally and rank generators by SHA256(seed:canonical_generator_id).,"minimum (sha256, sample_id) within split and exact generator"
42,TR042,Training set,Train exact generators,train,42,nileshpp/aishwarya-inpaint-1,LatDiff,train_seen,cf_train_aigi_b8e197df8f3f0d9c,train/aigi/cf_train_aigi_b8e197df8f3f0d9c_00000288.png.png,02c6cf8bb6501d35954b4b6165ae804e03eaca1176565a52ff73778ff9ded46f,512,512,PNG,447889,10,Keep all generators in architecture families with <=5 generators; allocate remaining slots proportionally and rank generators by SHA256(seed:canonical_generator_id).,"minimum (sha256, sample_id) within split and exact generator"
43,TR043,Training set,Train exact generators,train,43,oksanapliushko/prymachenko-beasts,LatDiff,train_seen,cf_train_aigi_12a2fcd5b799e2e4,train/aigi/cf_train_aigi_12a2fcd5b799e2e4_00000285.png.png,02528358f98bfed7a55a70cc2696f89220fe6810f0ba1e4b0fefddf9ad4bfd35,512,512,PNG,472966,10,Keep all generators in architecture families with <=5 generators; allocate remaining slots proportionally and rank generators by SHA256(seed:canonical_generator_id).,"minimum (sha256, sample_id) within split and exact generator"
44,TR044,Training set,Train exact generators,train,44,prismglider/jsprdgv3,LatDiff,train_seen,cf_train_aigi_62605f7ff30856fa,train/aigi/cf_train_aigi_62605f7ff30856fa_00000075.png.png,0c2b0db744b9e3c36cca1b1c1f7d94c16dbb855693dec606965579ace8225bb4,512,512,PNG,452887,10,Keep all generators in architecture families with <=5 generators; allocate remaining slots proportionally and rank generators by SHA256(seed:canonical_generator_id).,"minimum (sha256, sample_id) within split and exact generator"
45,TR045,Training set,Train exact generators,train,45,rd690/rdm-animals,LatDiff,train_seen,cf_train_aigi_27c06e686036b067,train/aigi/cf_train_aigi_27c06e686036b067_00000081.png.png,08c6f7f83d627cb936cb2714f8d3de4a451fa909dfe613eb2572f607f3f36b5b,512,512,PNG,352316,10,Keep all generators in architecture families with <=5 generators; allocate remaining slots proportionally and rank generators by SHA256(seed:canonical_generator_id).,"minimum (sha256, sample_id) within split and exact generator"
46,TR046,Training set,Train exact generators,train,46,roodzzz/my-pet-dog-xzg,LatDiff,train_seen,cf_train_aigi_fb53acf9a3fca0b3,train/aigi/cf_train_aigi_fb53acf9a3fca0b3_00000154.png.png,24e07f4750e63cdfbb41a0f519ec42095e6af30a905139c732f1d73ba7cff22e,512,512,PNG,394080,10,Keep all generators in architecture families with <=5 generators; allocate remaining slots proportionally and rank generators by SHA256(seed:canonical_generator_id).,"minimum (sha256, sample_id) within split and exact generator"
47,TR047,Training set,Train exact generators,train,47,sam749/the-truality-engine-truality-engine-pro,LatDiff,train_seen,cf_train_aigi_5dec69ba6b073800,train/aigi/cf_train_aigi_5dec69ba6b073800_00000070.png.png,109f49c2e7011157199f1c0d11578dca2cc7b2e566d0ce05dc13ce14f6b439b5,512,512,PNG,507126,10,Keep all generators in architecture families with <=5 generators; allocate remaining slots proportionally and rank generators by SHA256(seed:canonical_generator_id).,"minimum (sha256, sample_id) within split and exact generator"
48,TR048,Training set,Train exact generators,train,48,sans404/somethingidk,LatDiff,train_seen,cf_train_aigi_5c41b4dc40e6c77a,train/aigi/cf_train_aigi_5c41b4dc40e6c77a_00000152.png.png,103d798cd27fbb77d9951751f230a8cac33aa8527c0b9f963060d16717116493,512,512,PNG,373234,10,Keep all generators in architecture families with <=5 generators; allocate remaining slots proportionally and rank generators by SHA256(seed:canonical_generator_id).,"minimum (sha256, sample_id) within split and exact generator"
49,TR049,Training set,Train exact generators,train,49,sathvikrapelli/my-pet-dog,LatDiff,train_seen,cf_train_aigi_d9dd8b0130dfa37b,train/aigi/cf_train_aigi_d9dd8b0130dfa37b_00000136.png.png,0076cc1dab6fb63cd33b2fca47b93b6078dab8fefd802f56b1a3cc9669ac0a4d,512,512,PNG,361484,10,Keep all generators in architecture families with <=5 generators; allocate remaining slots proportionally and rank generators by SHA256(seed:canonical_generator_id).,"minimum (sha256, sample_id) within split and exact generator"
50,TR050,Training set,Train exact generators,train,50,sd-dreambooth-library/jatmikoui,LatDiff,train_seen,cf_train_aigi_1d578c429eb57a7b,train/aigi/cf_train_aigi_1d578c429eb57a7b_00000161.png.png,0943b1c27deee0a606cdf1e4203a6c7c6c49b1378e3eee331b01b407807c2e6e,512,512,PNG,441498,10,Keep all generators in architecture families with <=5 generators; allocate remaining slots proportionally and rank generators by SHA256(seed:canonical_generator_id).,"minimum (sha256, sample_id) within split and exact generator"
51,TR051,Training set,Train exact generators,train,51,shanayasia/my-pet-dog,LatDiff,train_seen,cf_train_aigi_6b26a60d1a153a00,train/aigi/cf_train_aigi_6b26a60d1a153a00_00000196.png.png,042cede6d1ac0f823f11274f6866ac85a00b2c2c0034ec774107f70cc1816db1,512,512,PNG,387411,10,Keep all generators in architecture families with <=5 generators; allocate remaining slots proportionally and rank generators by SHA256(seed:canonical_generator_id).,"minimum (sha256, sample_id) within split and exact generator"
52,TR052,Training set,Train exact generators,train,52,stablediffusionapi/anime-pastel-dream,LatDiff,train_seen,cf_train_aigi_ab64ddcac1c63b91,train/aigi/cf_train_aigi_ab64ddcac1c63b91_00000143.png.png,05d452943be19508ee720bd95aa4433519c98f218ce77135a9fd962e8ae23675,512,512,PNG,489897,10,Keep all generators in architecture families with <=5 generators; allocate remaining slots proportionally and rank generators by SHA256(seed:canonical_generator_id).,"minimum (sha256, sample_id) within split and exact generator"
53,TR053,Training set,Train exact generators,train,53,stablediffusionapi/dynavision,LatDiff,train_seen,cf_train_aigi_78fcaa269365ad56,train/aigi/cf_train_aigi_78fcaa269365ad56_00000020.png.png,0d31454c6f8198a9e0657b4bc96afb020f191ff760cecdcba6498b26d4b17f51,512,512,PNG,321656,10,Keep all generators in architecture families with <=5 generators; allocate remaining slots proportionally and rank generators by SHA256(seed:canonical_generator_id).,"minimum (sha256, sample_id) within split and exact generator"
54,TR054,Training set,Train exact generators,train,54,stablediffusionapi/epicbabes-realistic,LatDiff,train_seen,cf_train_aigi_55f4ee30c30e0897,train/aigi/cf_train_aigi_55f4ee30c30e0897_00000188.png.png,13bdc746b163ca48a729a40e99d52824531128ddadbd7b00ccc39e121b03b35b,512,512,PNG,440767,10,Keep all generators in architecture families with <=5 generators; allocate remaining slots proportionally and rank generators by SHA256(seed:canonical_generator_id).,"minimum (sha256, sample_id) within split and exact generator"
55,TR055,Training set,Train exact generators,train,55,stablediffusionapi/juggernautxl-v9-rundiffus,LatDiff,train_seen,cf_train_aigi_a25e0e0b9c27acb7,train/aigi/cf_train_aigi_a25e0e0b9c27acb7_00000382.png.png,208c7adc54298667580c19cf1c3f3ce8c65e339ab5ab7f385f111d633ab860be,512,512,PNG,324750,10,Keep all generators in architecture families with <=5 generators; allocate remaining slots proportionally and rank generators by SHA256(seed:canonical_generator_id).,"minimum (sha256, sample_id) within split and exact generator"
56,TR056,Training set,Train exact generators,train,56,stablediffusionapi/realistic-stock-photo,LatDiff,train_seen,cf_train_aigi_7e690f0a0c256f1b,train/aigi/cf_train_aigi_7e690f0a0c256f1b_00000209.png.png,1bfae3d53987e8f2c2d5b842e882bdd230a124c3151f06e9444a0e4fa5e947c1,512,512,PNG,347486,10,Keep all generators in architecture families with <=5 generators; allocate remaining slots proportionally and rank generators by SHA256(seed:canonical_generator_id).,"minimum (sha256, sample_id) within split and exact generator"
57,TR057,Training set,Train exact generators,train,57,stablediffusionapi/realistic-vision-51,LatDiff,train_seen,cf_train_aigi_b8170fe915aa27fe,train/aigi/cf_train_aigi_b8170fe915aa27fe_00000200.png.png,12902fc40b06e13123e8d73b88d10b0d59b14be2d749696021341b46a237b81b,512,512,PNG,444676,10,Keep all generators in architecture families with <=5 generators; allocate remaining slots proportionally and rank generators by SHA256(seed:canonical_generator_id).,"minimum (sha256, sample_id) within split and exact generator"
58,TR058,Training set,Train exact generators,train,58,stablediffusionapi/realistic-vision-v13,LatDiff,train_seen,cf_train_aigi_2fce496a2b3aa184,train/aigi/cf_train_aigi_2fce496a2b3aa184_00000147.png.png,2fa6b244eff93005fb38d34e579a9803d1c51341f42730cdb448219c13aa44a5,512,512,PNG,387216,10,Keep all generators in architecture families with <=5 generators; allocate remaining slots proportionally and rank generators by SHA256(seed:canonical_generator_id).,"minimum (sha256, sample_id) within split and exact generator"
59,TR059,Training set,Train exact generators,train,59,stablediffusionapi/strongly-styled,LatDiff,train_seen,cf_train_aigi_fb8476f5d7b7e5ce,train/aigi/cf_train_aigi_fb8476f5d7b7e5ce_00000161.png.png,0f48a64dc854e1feeb3a245a376a076728dae6d061ff67313c93f365f8697533,512,512,PNG,261622,10,Keep all generators in architecture families with <=5 generators; allocate remaining slots proportionally and rank generators by SHA256(seed:canonical_generator_id).,"minimum (sha256, sample_id) within split and exact generator"
60,TR060,Training set,Train exact generators,train,60,stylegan2-ada,GAN,train_seen,cf_train_aigi_4eb1ceaff9599053,train/aigi/cf_train_aigi_4eb1ceaff9599053_004212.png.png,0f5ebd7c9e7caf90170da71e6e0f3856581a7da3af8090340b9e59863dfb6cd0,1024,1024,PNG,1201969,10,Keep all generators in architecture families with <=5 generators; allocate remaining slots proportionally and rank generators by SHA256(seed:canonical_generator_id).,"minimum (sha256, sample_id) within split and exact generator"
61,TR061,Training set,Train exact generators,train,61,sushma16/rabbit,LatDiff,train_seen,cf_train_aigi_f748c2aade9fcce6,train/aigi/cf_train_aigi_f748c2aade9fcce6_00000036.png.png,0a9c6a5e58cb01144c4f99fa1d7cc9c92f69c4b6815b6f8f74240723a5eb0c35,512,512,PNG,461815,10,Keep all generators in architecture families with <=5 generators; allocate remaining slots proportionally and rank generators by SHA256(seed:canonical_generator_id).,"minimum (sha256, sample_id) within split and exact generator"
62,TR062,Training set,Train exact generators,train,62,sztanki/hulk-style-v2,LatDiff,train_seen,cf_train_aigi_0e224ef312e32a26,train/aigi/cf_train_aigi_0e224ef312e32a26_00000463.png.png,0d64e9ad2ea15dbefa3edce12d852f215dec00ca66c65e5ad088a0439deebf4c,512,512,PNG,319814,10,Keep all generators in architecture families with <=5 generators; allocate remaining slots proportionally and rank generators by SHA256(seed:canonical_generator_id).,"minimum (sha256, sample_id) within split and exact generator"
63,TR063,Training set,Train exact generators,train,63,tftgregrge/mpid-hassanblend-v1-4-main-v2,LatDiff,train_seen,cf_train_aigi_180505ce796ce243,train/aigi/cf_train_aigi_180505ce796ce243_00000013.png.png,0b865343d5872128a4654d58293f6a6ff987d3d57bc3471f757203805a5e69ab,512,512,PNG,461291,10,Keep all generators in architecture families with <=5 generators; allocate remaining slots proportionally and rank generators by SHA256(seed:canonical_generator_id).,"minimum (sha256, sample_id) within split and exact generator"
64,TR064,Training set,Train exact generators,train,64,tommy19970714/noda-model,LatDiff,train_seen,cf_train_aigi_8a28d672a24ab4d2,train/aigi/cf_train_aigi_8a28d672a24ab4d2_00000188.png.png,0a3c6aeedd8742082fb0638bf4a5b5a3e90321669a3be1b2c02af14eb880b8eb,512,512,PNG,562040,10,Keep all generators in architecture families with <=5 generators; allocate remaining slots proportionally and rank generators by SHA256(seed:canonical_generator_id).,"minimum (sha256, sample_id) within split and exact generator"
65,TR065,Training set,Train exact generators,train,65,vuducquang/landscape-style,LatDiff,train_seen,cf_train_aigi_67b5962775b99dd5,train/aigi/cf_train_aigi_67b5962775b99dd5_00000332.png.png,006ece8a7e0d7feb2af0d58df39f79e6f4913af00545e59210c40d465423bfef,512,512,PNG,478845,10,Keep all generators in architecture families with <=5 generators; allocate remaining slots proportionally and rank generators by SHA256(seed:canonical_generator_id).,"minimum (sha256, sample_id) within split and exact generator"
66,TR066,Training set,Train exact generators,train,66,xero5000/my-pet-dog-and-cat,LatDiff,train_seen,cf_train_aigi_fab3ae662b1d99c6,train/aigi/cf_train_aigi_fab3ae662b1d99c6_00000099.png.png,0a5810dd05395a6fb88e373f8fa66585124095f7782668263c4840bb3c9b3d0b,512,512,PNG,383763,10,Keep all generators in architecture families with <=5 generators; allocate remaining slots proportionally and rank generators by SHA256(seed:canonical_generator_id).,"minimum (sha256, sample_id) within split and exact generator"
67,TR067,Training set,Train exact generators,train,67,yahyasmt/brain-tumor-3,LatDiff,train_seen,cf_train_aigi_8068ffdb71ce28a8,train/aigi/cf_train_aigi_8068ffdb71ce28a8_00000395.png.png,05bca27f523420e40509ed27e2f8ca96a573101716132b372a400a823ba3f62c,512,512,PNG,479813,10,Keep all generators in architecture families with <=5 generators; allocate remaining slots proportionally and rank generators by SHA256(seed:canonical_generator_id).,"minimum (sha256, sample_id) within split and exact generator"
68,TR068,Training set,Train exact generators,train,68,yntec/fennphoto,LatDiff,train_seen,cf_train_aigi_f0facee0c65d6b72,train/aigi/cf_train_aigi_f0facee0c65d6b72_00000162.png.png,061e2c2205325531fedfbc20b2664dba0ff9a2ccba7aa568596da71769bf4a1b,512,512,PNG,367810,10,Keep all generators in architecture families with <=5 generators; allocate remaining slots proportionally and rank generators by SHA256(seed:canonical_generator_id).,"minimum (sha256, sample_id) within split and exact generator"
69,TR069,Training set,Train exact generators,train,69,zlikwid/zlikwidv2,LatDiff,train_seen,cf_train_aigi_e274b1ef1d1cb09c,train/aigi/cf_train_aigi_e274b1ef1d1cb09c_00000204.png.png,06e4f931a028d10ab69d4e2d1a9aac08d57db108ebf9210fe9c0a2201d808929,512,512,PNG,457392,10,Keep all generators in architecture families with <=5 generators; allocate remaining slots proportionally and rank generators by SHA256(seed:canonical_generator_id).,"minimum (sha256, sample_id) within split and exact generator"
70,SF001,External test · seen architecture family,Test · family-seen / exact-unseen,test_external_seen_family,1,decidiffusionv2,LatDiff,family_seen,cf_test_external_seen_family_aigi_87b07c94aef77d1c,test_external_seen_family/aigi/cf_test_external_seen_family_aigi_87b07c94aef77d1c_000369.png.png,01476b23354d79e57923480e166fc5ab65718beae52c2be820efd689761c497e,512,512,PNG,502375,111,all test generators retained,"minimum (sha256, sample_id) within split and exact generator"
71,SF002,External test · seen architecture family,Test · family-seen / exact-unseen,test_external_seen_family,2,dfgan,GAN,family_seen,cf_test_external_seen_family_aigi_d0ac10cccbdf9216,test_external_seen_family/aigi/cf_test_external_seen_family_aigi_d0ac10cccbdf9216_000441.png.png,0c0e9406442dd79225a7eba930ecbe90e7fd53ae361dc3f0c1a5479075d45837,256,256,PNG,109057,111,all test generators retained,"minimum (sha256, sample_id) within split and exact generator"
72,SF003,External test · seen architecture family,Test · family-seen / exact-unseen,test_external_seen_family,3,galip,GAN,family_seen,cf_test_external_seen_family_aigi_33ae9eb921a6df76,test_external_seen_family/aigi/cf_test_external_seen_family_aigi_33ae9eb921a6df76_000263.png.png,0071b1e6344fe464faad7f7b96ded5711691d16b811f44c4de175fcb0c779f7c,224,224,PNG,110364,111,all test generators retained,"minimum (sha256, sample_id) within split and exact generator"
73,SF004,External test · seen architecture family,Test · family-seen / exact-unseen,test_external_seen_family,4,hourglass,PixDiff,family_seen,cf_test_external_seen_family_aigi_78feaf203ca3f82f,test_external_seen_family/aigi/cf_test_external_seen_family_aigi_78feaf203ca3f82f_000294.png.png,005014bf47a109129c9c358a30b358fa657b0e41f7b81793b4980af4c6cf957d,1024,1024,PNG,1295626,111,all test generators retained,"minimum (sha256, sample_id) within split and exact generator"
74,SF005,External test · seen architecture family,Test · family-seen / exact-unseen,test_external_seen_family,5,kandinsky-2-2,LatDiff,family_seen,cf_test_external_seen_family_aigi_fe6eeb9347f1a5d0,test_external_seen_family/aigi/cf_test_external_seen_family_aigi_fe6eeb9347f1a5d0_000302.png.png,02edc0781ed0d95a79650d43876f7364fa0b39f3316c0be1bb6ef6f1f7c3d654,768,768,PNG,961811,111,all test generators retained,"minimum (sha256, sample_id) within split and exact generator"
75,SF006,External test · seen architecture family,Test · family-seen / exact-unseen,test_external_seen_family,6,kvikontent-midjourney-v6,LatDiff,family_seen,cf_test_external_seen_family_aigi_74a0d3ad36c8196f,test_external_seen_family/aigi/cf_test_external_seen_family_aigi_74a0d3ad36c8196f_000752.png.png,0142954a390c2a2ea59606394ceecba00782f839e7eb20b9ea065efc8881d2b8,512,512,PNG,452950,111,all test generators retained,"minimum (sha256, sample_id) within split and exact generator"
76,SF007,External test · seen architecture family,Test · family-seen / exact-unseen,test_external_seen_family,7,lcm-lora-sdv15,LatDiff,family_seen,cf_test_external_seen_family_aigi_8557d5e652264abd,test_external_seen_family/aigi/cf_test_external_seen_family_aigi_8557d5e652264abd_000939.png.png,00d0f14933cb693355b66a59ced3dca931957c12ffeb3ca5ab8d43005fd7dc47,512,512,PNG,364173,112,all test generators retained,"minimum (sha256, sample_id) within split and exact generator"
77,SF008,External test · seen architecture family,Test · family-seen / exact-unseen,test_external_seen_family,8,lcm-lora-sdxl,LatDiff,family_seen,cf_test_external_seen_family_aigi_0ae4091529776f75,test_external_seen_family/aigi/cf_test_external_seen_family_aigi_0ae4091529776f75_000696.png.png,03c7bc15688a73c12e021775e37d53e56fd77f2b0ca1d5ae30d6d029ea8dec7d,1024,1024,PNG,1588295,111,all test generators retained,"minimum (sha256, sample_id) within split and exact generator"
78,SF009,External test · seen architecture family,Test · family-seen / exact-unseen,test_external_seen_family,9,lcm-lora-ssd1b,LatDiff,family_seen,cf_test_external_seen_family_aigi_7ec18b53daa15338,test_external_seen_family/aigi/cf_test_external_seen_family_aigi_7ec18b53daa15338_000105.png.png,011bb98bc6a81335790bc8b69c8e5eaf247529db4ce62de2f8409b2766bf58fc,1024,1024,PNG,1476951,111,all test generators retained,"minimum (sha256, sample_id) within split and exact generator"
79,UF001,External test · unseen architecture family,Test · family-unseen / exact-unseen,test_external_unseen_generator,1,dalle2,Commercial,strict_unseen,cf_test_external_unseen_generator_aigi_2540344b4fee2974,test_external_unseen_generator/aigi/cf_test_external_unseen_generator_aigi_2540344b4fee2974_00000072.png.png,029ff5659cf1d3ac9a44550dce7c37eef66001987bc0d23062d9920e90d45999,1024,1024,PNG,1643845,83,all test generators retained,"minimum (sha256, sample_id) within split and exact generator"
80,UF002,External test · unseen architecture family,Test · family-unseen / exact-unseen,test_external_unseen_generator,2,dalle3,Commercial,strict_unseen,cf_test_external_unseen_generator_aigi_ba9cc693c876314c,test_external_unseen_generator/aigi/cf_test_external_unseen_generator_aigi_ba9cc693c876314c_00000133.png.png,02202f940415fcaf24b8162ea65db60d916fb93bb4f6709ac4a8e33a15806a8b,1024,1024,PNG,1729903,84,all test generators retained,"minimum (sha256, sample_id) within split and exact generator"
81,UF003,External test · unseen architecture family,Test · family-unseen / exact-unseen,test_external_unseen_generator,3,firefly-image2,Commercial,strict_unseen,cf_test_external_unseen_generator_aigi_95d348b2aa4aa578,test_external_unseen_generator/aigi/cf_test_external_unseen_generator_aigi_95d348b2aa4aa578_00000278_1.jpg.jpg,00427b88daba63c9c7e398eb96497361584bb9180e3430e25b3c166a3bd39446,2048,2048,JPEG,432241,83,all test generators retained,"minimum (sha256, sample_id) within split and exact generator"
82,UF004,External test · unseen architecture family,Test · family-unseen / exact-unseen,test_external_unseen_generator,4,firefly-image3,Commercial,strict_unseen,cf_test_external_unseen_generator_aigi_22f94b585290ba65,test_external_unseen_generator/aigi/cf_test_external_unseen_generator_aigi_22f94b585290ba65_00000382_3.jpg.jpg,002bcbfd9c7ba82156a518e24ee468f32e754ced66a0f162fb0a552471dac336,2048,2048,JPEG,369194,84,all test generators retained,"minimum (sha256, sample_id) within split and exact generator"
83,UF005,External test · unseen architecture family,Test · family-unseen / exact-unseen,test_external_unseen_generator,5,flux-dev,Commercial,strict_unseen,cf_test_external_unseen_generator_aigi_3c95aba2c584e178,test_external_unseen_generator/aigi/cf_test_external_unseen_generator_aigi_3c95aba2c584e178_00000007.png.png,0485e55962c3dbe31af4c1d6a84b3d33b9a1425cb77ced14373ec1df637bcafd,512,512,PNG,224410,83,all test generators retained,"minimum (sha256, sample_id) within split and exact generator"
84,UF006,External test · unseen architecture family,Test · family-unseen / exact-unseen,test_external_unseen_generator,6,flux-schnell,Commercial,strict_unseen,cf_test_external_unseen_generator_aigi_5f290e316b53fae8,test_external_unseen_generator/aigi/cf_test_external_unseen_generator_aigi_5f290e316b53fae8_00000461.png.png,00febdf01ea60fb7024c5bfb2ba78a7de3d87b4e9d49c128a1bb6cd8dfb6a44b,512,512,PNG,169251,83,all test generators retained,"minimum (sha256, sample_id) within split and exact generator"
85,UF007,External test · unseen architecture family,Test · family-unseen / exact-unseen,test_external_unseen_generator,7,ideogramv1,Commercial,strict_unseen,cf_test_external_unseen_generator_aigi_8fe22a4a031d9616,test_external_unseen_generator/aigi/cf_test_external_unseen_generator_aigi_8fe22a4a031d9616_00000538.png.png,0c264480c0f15b0cd76aba4c14fd2d83d6f50a8531a25b7d60e091bf7c9cb2ff,1024,1024,PNG,1737438,84,all test generators retained,"minimum (sha256, sample_id) within split and exact generator"
86,UF008,External test · unseen architecture family,Test · family-unseen / exact-unseen,test_external_unseen_generator,8,ideogramv2,Commercial,strict_unseen,cf_test_external_unseen_generator_aigi_ee50ab8b4124e22b,test_external_unseen_generator/aigi/cf_test_external_unseen_generator_aigi_ee50ab8b4124e22b_00000224.png.png,03e5ef4d5c40a7e3800f2b1d48747eb57d7e6ea5e5520effcc1be99376e5cf05,1024,1024,PNG,1867571,83,all test generators retained,"minimum (sha256, sample_id) within split and exact generator"
87,UF009,External test · unseen architecture family,Test · family-unseen / exact-unseen,test_external_unseen_generator,9,imagen3,Commercial,strict_unseen,cf_test_external_unseen_generator_aigi_77997f6c82bc95e7,test_external_unseen_generator/aigi/cf_test_external_unseen_generator_aigi_77997f6c82bc95e7_00000136_3.png.png,015c8edadc84201f44200bfffcc330f840a066626658a251f9ad28361c82f8f8,1024,1024,PNG,1222227,83,all test generators retained,"minimum (sha256, sample_id) within split and exact generator"
88,UF010,External test · unseen architecture family,Test · family-unseen / exact-unseen,test_external_unseen_generator,10,midjourneyv5-2,Commercial,strict_unseen,cf_test_external_unseen_generator_aigi_7c87437eab38b59b,test_external_unseen_generator/aigi/cf_test_external_unseen_generator_aigi_7c87437eab38b59b_00000355_0.png.png,047bce5f7afddb79c1d5d3bba21b0f53d759833ee96b0e85a9cda6308cdc7b5a,1024,1024,PNG,1562043,84,all test generators retained,"minimum (sha256, sample_id) within split and exact generator"
89,UF011,External test · unseen architecture family,Test · family-unseen / exact-unseen,test_external_unseen_generator,11,midjourneyv6-1,Commercial,strict_unseen,cf_test_external_unseen_generator_aigi_fb945f56c2caa8b9,test_external_unseen_generator/aigi/cf_test_external_unseen_generator_aigi_fb945f56c2caa8b9_00000223_2.png.png,009b5747304acf735403016fe5ceedbe69be575cd822dc4b63f7dd5c13b099cf,1024,1024,PNG,1134102,83,all test generators retained,"minimum (sha256, sample_id) within split and exact generator"
90,UF012,External test · unseen architecture family,Test · family-unseen / exact-unseen,test_external_unseen_generator,12,stable-cascade,Other,strict_unseen,cf_test_external_unseen_generator_aigi_121bb1d90550d6b2,test_external_unseen_generator/aigi/cf_test_external_unseen_generator_aigi_121bb1d90550d6b2_000100.png.png,00bfac7495a09e33f1e5298b9b1ac1e0877b78cae56f4effbf839794c94c874d,1024,1024,PNG,918487,83,all test generators retained,"minimum (sha256, sample_id) within split and exact generator"
